title,price,rating,reviews,availability
Sony PS5 PlayStation Console,"49,990.",3.7 out of 5 stars,174 ratings,In stock
Sony PS5 Digital Standalone,"39,990.",,52 ratings,
Sony PS5 PlayStation Console+God Of War Ragnarok | Standard Edition | PS5 Game (PlayStation 5),"54,289.",,2 ratings,In stock.
WWE 2K23 | Standard Edition | PlayStation 5,"4,993.",,2 ratings,In stock
Hogwarts Legacy | Standard Edition| PlayStation 5 (PS5),"4,299.",,52 ratings,In stock
ELTONPS5 Skin Protective Wrap Cover Vinyl Sticker Decals for PlayStation 5 Disk Version Console and Two Dual Sense 5 Sticker Skins Black PS5 Skin Console and Controller design165 [video game](Batman VS Joker),799.,3.5 out of 5 stars,14 ratings,
Horizon Forbidden West | Standard Edition | PS5 Game (PlayStation 5),"2,599.",,268 ratings,In stock
Godfall | Standard Edition | PlayStation 5,"2,208.",,,In stock
"New World For PS5 Console Face Plates and RGB LED Light Strip, Playstation 5 Accessories PS5 Lights 8 Color 400+Effects Decorative Ring Kit Faceplate with Fan Cooling Vents Faceplate","3,599.",,1 rating,In stock
Dead Space | Standard Edition | PlayStation 5,"4,497.",,4 ratings,In stock
Dorca® Dust Cover for Sony Playstation 5 Cover Disc & Digital Edition,275.,,285 ratings,In stock
WALLTON - PS5 Skin Protective Wrap Cover Vinyl Sticker Decals for PlayStation 5 Disk Version Console and Two Dual Sense 5 Sticker Skins Black PS5 Skin - Avengers Logo,699.,,2 ratings,In stock
"MICROWARE Playstation 5 Console Charging Station Dock with Cooling System | PS5 Vertical Stand for PS5 Digital Edition/Ultra HD Console | PS5 Headset Organizer with 15 Game Slots, Black","5,693.",,1 rating,
Call of Duty: Vanguard (PS5) - PlayStation 5,"3,155.",,18 ratings,In stock
Waterproof Portable Storage carrying & shoulder bag for Sony PlayStation 5 console and controllers,"1,190.",,,In stock
Far Cry 6 | Standard Edition | Playstation 5 (PS5),"2,045.",,120 ratings,
PS5 Grand Theft Auto V,"2,078.",,162 ratings,In stock
PS5 WWE 2K22,"1,999.",,82 ratings,In stock
WALLTON PS5 Skin Protective Wrap Cover Vinyl Sticker Decals for PlayStation 5 Disk Version Console and Two Dual Sense 5 Sticker Skins Black PS5 Skin - Batman Red Logo,699.,,2 ratings,In stock
WALLTON PS5 Skin Protective Wrap Cover Vinyl Sticker Decals for PlayStation 5 Disk Version Console and Two Dual Sense 5 Sticker Skins Black PS5 Skin - Anime,699.,,2 ratings,In stock
Sony PS5 PlayStation Console,"49,990.",3.7 out of 5 stars,174 ratings,In stock
Sony PS5 Digital Standalone,"39,990.",,52 ratings,
Sony PS5 PlayStation Console+God Of War Ragnarok | Standard Edition | PS5 Game (PlayStation 5),"54,289.",,2 ratings,In stock.
WWE 2K23 | Standard Edition | PlayStation 5,"4,993.",,2 ratings,In stock
Hogwarts Legacy | Standard Edition| PlayStation 5 (PS5),"4,299.",,52 ratings,In stock
ELTONPS5 Skin Protective Wrap Cover Vinyl Sticker Decals for PlayStation 5 Disk Version Console and Two Dual Sense 5 Sticker Skins Black PS5 Skin Console and Controller design165 [video game](Batman VS Joker),799.,3.5 out of 5 stars,14 ratings,
Horizon Forbidden West | Standard Edition | PS5 Game (PlayStation 5),"2,599.",,268 ratings,In stock
Godfall | Standard Edition | PlayStation 5,"2,208.",,,In stock
"New World For PS5 Console Face Plates and RGB LED Light Strip, Playstation 5 Accessories PS5 Lights 8 Color 400+Effects Decorative Ring Kit Faceplate with Fan Cooling Vents Faceplate","3,599.",,1 rating,In stock
Dead Space | Standard Edition | PlayStation 5,"4,497.",,4 ratings,In stock
Dorca® Dust Cover for Sony Playstation 5 Cover Disc & Digital Edition,275.,,285 ratings,In stock
WALLTON - PS5 Skin Protective Wrap Cover Vinyl Sticker Decals for PlayStation 5 Disk Version Console and Two Dual Sense 5 Sticker Skins Black PS5 Skin - Avengers Logo,699.,,2 ratings,In stock
"MICROWARE Playstation 5 Console Charging Station Dock with Cooling System | PS5 Vertical Stand for PS5 Digital Edition/Ultra HD Console | PS5 Headset Organizer with 15 Game Slots, Black","5,693.",,1 rating,
Call of Duty: Vanguard (PS5) - PlayStation 5,"3,155.",,18 ratings,In stock
Waterproof Portable Storage carrying & shoulder bag for Sony PlayStation 5 console and controllers,"1,190.",,,In stock
Far Cry 6 | Standard Edition | Playstation 5 (PS5),,,120 ratings,
PS5 Grand Theft Auto V,"2,078.",,162 ratings,In stock
PS5 WWE 2K22,"1,999.",,82 ratings,In stock
WALLTON PS5 Skin Protective Wrap Cover Vinyl Sticker Decals for PlayStation 5 Disk Version Console and Two Dual Sense 5 Sticker Skins Black PS5 Skin - Batman Red Logo,699.,,2 ratings,In stock
WALLTON PS5 Skin Protective Wrap Cover Vinyl Sticker Decals for PlayStation 5 Disk Version Console and Two Dual Sense 5 Sticker Skins Black PS5 Skin - Anime,699.,,2 ratings,In stock
